{"cameraMode":{"drawMode":0,"name":"Shaded","section":"Shading Mode"},"sceneLighting":true,"audioPlay":false,"sceneViewState":{"m_AlwaysRefresh":false,"showFog":true,"showSkybox":true,"showFlares":true,"showImageEffects":true,"showParticleSystems":true,"showVisualEffectGraphs":true,"m_FxEnabled":true},"in2DMode":false,"pivot":{"x":10.686091423034668,"y":84.80725860595703,"z":-59.12435531616211},"rotation":{"x":0.5894800424575806,"y":-0.031050531193614007,"z":0.02276439592242241,"w":0.8071163296699524},"size":2.3117377758026125,"orthographic":false}