{"cameraMode":{"drawMode":0,"name":"Shaded","section":"Shading Mode"},"sceneLighting":false,"audioPlay":false,"sceneViewState":{"m_AlwaysRefresh":false,"showFog":true,"showSkybox":false,"showFlares":true,"showImageEffects":true,"showParticleSystems":true,"showVisualEffectGraphs":true,"m_FxEnabled":true},"in2DMode":false,"pivot":{"x":-0.8247584700584412,"y":0.18966250121593476,"z":0.8552505970001221},"rotation":{"x":-0.10186425596475601,"y":-0.7111150026321411,"z":0.10503170639276505,"w":-0.6879794001579285},"size":1.0307763814926148,"orthographic":false}